{
   "result":true,
   "code":0,
   "messge":"success",
   "data":
   {
      "xAxis":
      [
         "200523",
         "200524",
         "200525",
         "200526",
         "200527",
         "200528",
         "200529"
      ],
      "series":
      [
         {
            "stack":"总量",
            "data":
            [
               0,
               0,
               230,
               0,
               0,
               0,
               0
            ],
            "name":"基于Pytorch热门深度学习框架 从零开发NLP聊天机器人",
            "itemStyle":
            {
               "normal":
               {
                  "areaStyle":
                  {
                     "type":"default"
                  }

               }

            },
            "type":"line"
         },
         {
            "stack":"总量",
            "data":
            [
               0,
               0,
               0,
               0,
               0,
               0,
               445
            ],
            "name":"微积分基础",
            "itemStyle":
            {
               "normal":
               {
                  "areaStyle":
                  {
                     "type":"default"
                  }

               }

            },
            "type":"line"
         },
         {
            "stack":"总量",
            "data":
            [
               0,
               0,
               55,
               0,
               0,
               0,
               140
            ],
            "name":"供配电技术",
            "itemStyle":
            {
               "normal":
               {
                  "areaStyle":
                  {
                     "type":"default"
                  }

               }

            },
            "type":"line"
         }

      ]

   }

}