<?xml version="1.0" encoding="UTF-8" ?>
<!DOCTYPE mapper
        PUBLIC "-//mybatis.org//DTD Mapper 3.0//EN"
        "http://mybatis.org/dtd/mybatis-3-mapper.dtd">
<mapper namespace="com.course_manage.Mappers.AdminuserMapper">
    <select id="queryAdmin" parameterType="com.course_manage.entity.Adminuser" resultType="com.course_manage.entity.Adminuser">
        select * from adminuser where username=#{username} and password =#{password};
    </select>
    <select id="queryAdminAll" resultType="com.course_manage.entity.Adminuser">
        select * from adminuser ;
    </select>

    <select id="queryAdminById" resultType="com.course_manage.entity.Adminuser">
        select * from adminuser where id=#{id};
    </select>
    <!--插入数据-->
    <insert id="insertAdmin" useGeneratedKeys="true" keyProperty="id"  parameterType="com.course_manage.entity.Adminuser">
        INSERT INTO adminuser(
        username,
        password,
        type
        )
        VALUES
        (
        #{username},
        #{password},
        #{type}
        );
    </insert>

    <update id="updateAdmin" parameterType="com.course_manage.entity.Adminuser">
        UPDATE adminuser
        set
        <if test="username!=null">username = #{username},</if>
        <if test="password!=null">password = #{password},</if>
        <if test="type!=null">type = #{type}</if>
        WHERE id = #{id} ;
    </update>

    <delete id="deleteAdmin">
        delete from adminuser where id=#{id};
    </delete>
</mapper>