<?xml version="1.0" encoding="UTF-8" ?>
<!DOCTYPE mapper
        PUBLIC "-//mybatis.org//DTD Mapper 3.0//EN"
        "http://mybatis.org/dtd/mybatis-3-mapper.dtd">
<mapper namespace="com.course_manage.Mappers.UserMapper">
    <!-- statement，内容：sql语句。id：唯一标识，随便写，在同一个命名空间下保持唯一
       resultType：sql语句查询结果集的封装类型,tb_user即为数据库中的表
     -->

    <!--使用别名-->
    <select id="queryUser" parameterType="com.course_manage.entity.User" resultType="com.course_manage.entity.User">
      select * from user where username=#{username} and password =#{password};
   </select>
    <select id="queryUserById"  resultType="com.course_manage.entity.User">
      select * from user where id=#{id};
   </select>

    <select id="queryUserAll" resultType="com.course_manage.entity.User">
        select * from user ;
    </select>

    <!--插入数据-->
    <insert id="insertUser" useGeneratedKeys="true" keyProperty="id"  parameterType="com.course_manage.entity.User">
        INSERT INTO user(
        username,
        password,
        email,
        age,
        sex
        )
        VALUES
        (
        #{username},
        #{password},
        #{email},
        #{age},
        #{sex}
        );
    </insert>

    <update id="updateUser" parameterType="com.course_manage.entity.User">
        UPDATE user
        set
        <if test="username!=null">username = #{username},</if>
        <if test="password!=null">password = #{password},</if>
        <if test="email!=null">email = #{email},</if>
        <if test="age!=null">age = #{age},</if>
        <if test="sex!=null">sex = #{sex}</if>
        WHERE id = #{id} ;
    </update>

    <delete id="deleteUser">
        delete from user where id=#{id};
    </delete>
</mapper>

