<?xml version="1.0" encoding="UTF-8" ?>

<!DOCTYPE generatorConfiguration PUBLIC "-//mybatis.org//DTD MyBatis Generator Configuration 1.0//EN"
        "http://mybatis.org/dtd/mybatis-generator-config_1_0.dtd" >

<generatorConfiguration>




    <!-- 指定数据连接驱动jar地址 -->

    <classPathEntry location="C:\Users\pyj\.m2\repository\mysql\mysql-connector-java\8.0.20\mysql-connector-java-8.0.20.jar" />



    <!-- 一个数据库一个context -->

    <context id="infoGuardian" targetRuntime="MyBatis3">

        <!-- 注释 -->

        <commentGenerator >

            <property name="suppressAllComments" value="true"/><!-- 是否取消注释 -->

            <property name="suppressDate" value="true" /> <!-- 是否生成注释代时间戳-->

        </commentGenerator>



        <!-- jdbc连接 -->

        <jdbcConnection

                driverClass="com.mysql.cj.jdbc.Driver"

                connectionURL="jdbc:mysql://127.0.0.1:3306/Course_Manage?useUnicode=true&amp;characterEncoding=utf-8&amp;allowMultiQueries=true"

                userId="root"

                password="123456" />



        <!-- 类型转换 -->

        <javaTypeResolver>

            <!-- 是否使用bigDecimal， false可自动转化以下类型（Long, Integer, Short, etc.） -->

            <property name="forceBigDecimals" value="false"/>

        </javaTypeResolver>



        <!-- 生成实体类地址 -->

        <javaModelGenerator targetPackage="com.course_manage.entity" targetProject="D:\Document\Course_Manage\src\main\java" >

            <!-- 是否在当前路径下新加一层schema,eg：fase路径cn.ffcs.test.domain"， true:cn.ffcs.test.domain".[schemaName] -->

            <property name="enableSubPackages" value="false"/>

            <!-- 是否针对string类型的字段在set的时候进行trim调用 -->

            <property name="trimStrings" value="true"/>

        </javaModelGenerator>



        <!-- 生成mapxml文件 -->

        <sqlMapGenerator targetPackage="classpath:mappers" targetProject="D:\Document\Course_Manage\src\main\resources" >

            <!-- 是否在当前路径下新加一层schema,eg：fase路径cn.ffcs.test.domain"， true:cn.ffcs.test.domain".[schemaName] -->

            <property name="enableSubPackages" value="false" />

        </sqlMapGenerator>



        <!-- 生成mapxml对应client，也就是接口dao -->

        <javaClientGenerator targetPackage="com.course_manage.Mappers" targetProject="D:\Document\Course_Manage\src\main\java" type="XMLMAPPER" >

            <!-- 是否在当前路径下新加一层schema,eg：fase路径cn.ffcs.test.domain"， true:cn.ffcs.test.domain".[schemaName] -->

            <property name="enableSubPackages" value="false" />

        </javaClientGenerator>



        <!-- schema即为数据库名

             tableName为对应的数据库表  可以使用通配符%

             domainObjectName是要生成的实体类

             enable*ByExample   是否生成 example类   -->



        <table schema="course_manage" tableName="adminuser" domainObjectName="adminuser"

               enableSelectByExample="false"

               enableCountByExample="false"

               enableUpdateByExample="false"

               enableDeleteByExample="false">

        </table>

    </context>

</generatorConfiguration>