﻿色情,爱女人
色情,爱液
色情,按摩棒
色情,拔出来
色情,爆草
色情,包二奶
色情,暴干
色情,暴奸
色情,暴乳
色情,爆乳
色情,暴淫
色情,屄
色情,被操
色情,被插
色情,被干
色情,逼奸
色情,仓井空
色情,插暴
色情,操逼
色情,操黑
色情,操烂
色情,肏你
色情,肏死
色情,操死
色情,操我
色情,厕奴
色情,插比
色情,插b
色情,插逼
色情,插进
色情,插你
色情,插我
色情,插阴
色情,潮吹
色情,潮喷
色情,成人dv
色情,成人电影
色情,成人论坛
色情,成人小说
色情,成人电
色情,成人电影
色情,成人卡通
色情,成人聊
色情,成人片
色情,成人视
色情,成人图
色情,成人文
色情,成人小
色情,成人电影
色情,成人论坛
色情,成人色情
色情,成人网站
色情,成人文学
色情,成人小说
色情,艳情小说
色情,成人游戏
色情,吃精
色情,赤裸
色情,抽插
色情,扌由插
色情,抽一插
色情,春药
色情,大波
色情,大力抽送
色情,大乳
色情,荡妇
色情,荡女
色情,盗撮
色情,多人轮
色情,发浪
色情,放尿
色情,肥逼
色情,粉穴
色情,封面女郎
色情,风月大陆
色情,干死你
色情,干穴
色情,肛交
色情,肛门
色情,龟头
色情,裹本
色情,国产av
色情,好嫩
色情,豪乳
色情,黑逼
色情,后庭
色情,后穴
色情,虎骑
色情,花花公子
色情,换妻俱乐部
色情,黄片
色情,几吧
色情,鸡吧
色情,鸡巴
色情,鸡奸
色情,寂寞男
色情,寂寞女
色情,妓女
色情,激情
色情,集体淫
色情,奸情
色情,叫床
色情,脚交
色情,金鳞岂是池中物
色情,金麟岂是池中物
色情,精液
色情,就去日
色情,巨屌
色情,菊花洞
色情,菊门
色情,巨奶
色情,巨乳
色情,菊穴
色情,开苞
色情,口爆
色情,口活
色情,口交
色情,口射
色情,口淫
色情,裤袜
色情,狂操
色情,狂插
色情,浪逼
色情,浪妇
色情,浪叫
色情,浪女
色情,狼友
色情,聊性
色情,流淫
色情,铃木麻
色情,凌辱
色情,漏乳
色情,露b
色情,乱交
色情,乱伦
色情,轮暴
色情,轮操
色情,轮奸
色情,裸陪
色情,买春
色情,美逼
色情,美少妇
色情,美乳
色情,美腿
色情,美穴
色情,美幼
色情,秘唇
色情,迷奸
色情,密穴
色情,蜜穴
色情,蜜液
色情,摸奶
色情,摸胸
色情,母奸
色情,奈美
色情,奶子
色情,男奴
色情,内射
色情,嫩逼
色情,嫩女
色情,嫩穴
色情,捏弄
色情,女优
色情,炮友
色情,砲友
色情,喷精
色情,屁眼
色情,品香堂
色情,前凸后翘
色情,强jian
色情,强暴
色情,强奸处女
色情,情趣用品
色情,情色
色情,拳交
色情,全裸
色情,群交
色情,惹火身材
色情,人妻
色情,人兽
色情,日逼
色情,日烂
色情,肉棒
色情,肉逼
色情,肉唇
色情,肉洞
色情,肉缝
色情,肉棍
色情,肉茎
色情,肉具
色情,揉乳
色情,肉穴
色情,肉欲
色情,乳爆
色情,乳房
色情,乳沟
色情,乳交
色情,乳头
色情,三级片
色情,骚逼
色情,骚比
色情,骚女
色情,骚水
色情,骚穴
色情,色逼
色情,色界
色情,色猫
色情,色盟
色情,色情网站
色情,色区
色情,色色
色情,色诱
色情,色欲
色情,色b
色情,少年阿宾
色情,少修正
色情,射爽
色情,射颜
色情,食精
色情,释欲
色情,兽奸
色情,兽交
色情,手淫
色情,兽欲
色情,熟妇
色情,熟母
色情,熟女
色情,爽片
色情,爽死我了
色情,双臀
色情,死逼
色情,丝袜
色情,丝诱
色情,松岛枫
色情,酥痒
色情,汤加丽
色情,套弄
色情,体奸
色情,体位
色情,舔脚
色情,舔阴
色情,调教
色情,偷欢
色情,偷拍
色情,推油
色情,脱内裤
色情,文做
色情,我就色
色情,无码
色情,舞女
色情,无修正
色情,吸精
色情,夏川纯
色情,相奸
色情,小逼
色情,校鸡
色情,小穴
色情,小xue
色情,写真
色情,性感妖娆
色情,性感诱惑
色情,性虎
色情,性饥渴
色情,性技巧
色情,性交
色情,性奴
色情,性虐
色情,性息
色情,性欲
色情,胸推
色情,穴口
色情,学生妹
色情,穴图
色情,亚情
色情,颜射
色情,阳具
色情,杨思敏
色情,要射了
色情,夜勤病栋
色情,一本道
色情,一夜欢
色情,一夜情
色情,一ye情
色情,阴部
色情,淫虫
色情,阴唇
色情,淫荡
色情,阴道
色情,淫电影
色情,阴阜
色情,淫妇
色情,淫河
色情,阴核
色情,阴户
色情,淫贱
色情,淫叫
色情,淫教师
色情,阴茎
色情,阴精
色情,淫浪
色情,淫媚
色情,淫糜
色情,淫魔
色情,淫母
色情,淫女
色情,淫虐
色情,淫妻
色情,淫情
色情,淫色
色情,淫声浪语
色情,淫兽学园
色情,淫书
色情,淫术炼金士
色情,淫水
色情,淫娃
色情,淫威
色情,淫亵
色情,淫样
色情,淫液
色情,淫照
色情,阴b
色情,应召
色情,幼交
色情,幼男
色情,幼女
色情,欲火
色情,欲女
色情,玉女心经
色情,玉蒲团
色情,玉乳
色情,欲仙欲死
色情,玉穴
色情,援交
色情,原味内衣
色情,援助交际
色情,张筱雨
色情,招鸡
色情,招妓
色情,中年美妇
色情,抓胸
色情,自拍
色情,自慰
色情,作爱
色情,18禁
色情,99bb
色情,a4u
色情,a4y
色情,adult
色情,amateur
色情,anal
色情,a片
色情,fuck
色情,gay片
色情,g点
色情,g片
色情,hardcore
色情,h动画
色情,h动漫
色情,incest
色情,porn
色情,secom
色情,sexinsex
色情,sm女王
色情,xiao77
色情,xing伴侣
色情,tokyohot
色情,yin荡
色情,贱人
色情,装b
色情,大sb
色情,傻逼
色情,傻b
色情,煞逼
色情,煞笔
色情,刹笔
色情,傻比
色情,沙比
色情,欠干
色情,婊子养的
色情,我日你
色情,我操
色情,我草
色情,卧艹
色情,卧槽
色情,爆你菊
色情,艹你
色情,cao你
色情,你他妈
色情,真他妈
色情,别他吗
色情,草你吗
色情,草你丫
色情,操你妈
色情,擦你妈
色情,操你娘
色情,操他妈
色情,日你妈
色情,干你妈
色情,干你娘
色情,娘西皮
色情,狗操
色情,狗草
色情,狗杂种
色情,狗日的
色情,操你祖宗
色情,操你全家
色情,操你大爷
色情,妈逼
色情,你麻痹
色情,麻痹的
色情,妈了个逼
色情,马勒
色情,狗娘养
色情,贱比
色情,贱b
色情,下贱
色情,死全家
色情,全家死光
色情,全家不得好死
色情,全家死绝
色情,白痴
色情,无耻
色情,sb
色情,杀b
色情,你吗b
色情,你妈的
色情,婊子
色情,贱货
色情,人渣
色情,混蛋
色情,媚外
色情,和弦
色情,兼职
色情,限量
色情,铃声
色情,性伴侣
色情,男公关
色情,火辣
色情,精子
色情,射精
色情,诱奸
色情,强奸
色情,做爱
色情,性爱
色情,发生关系
色情,按摩
色情,快感
色情,处男
色情,猛男
色情,少妇
色情,屌
色情,屁股
色情,下体
色情,a片
色情,内裤
色情,浑圆
色情,咪咪
色情,发情
色情,刺激
色情,白嫩
色情,粉嫩
色情,兽性
色情,风骚
色情,呻吟
色情,sm
色情,阉割
色情,高潮
色情,裸露
色情,不穿
色情,一丝不挂
色情,脱光
色情,干你
色情,干死
色情,我干
色情,裙中性运动
色情,乱奸
色情,乱伦
色情,乱伦类
色情,乱伦小
色情,伦理大
色情,伦理电影
色情,伦理毛
色情,伦理片
色情,裸聊
色情,裸聊网
色情,裸体写真
色情,裸舞视
色情,裸照
色情,美女裸体
色情,美女写真
色情,美女上门
色情,美艳少妇
色情,妹按摩
色情,妹上门
色情,迷幻药
色情,迷幻藥
色情,迷昏口
色情,迷昏药
色情,迷昏藥
色情,迷魂香
色情,迷魂药
色情,迷魂藥
色情,迷奸粉
色情,迷奸药
色情,迷情粉
色情,迷情水
色情,迷情药
色情,迷药
色情,迷藥
色情,谜奸药
色情,骚妇
色情,骚货
色情,骚浪
色情,骚女
色情,骚嘴
色情,色电影
色情,色妹妹
色情,色情表演
色情,色情电影
色情,色情服务
色情,色情图片
色情,色情小说
色情,色情影片
色情,色情表演
色情,色情电影
色情,色情服务
色情,色情片
色情,色视频
色情,色小说
色情,性伴侣
色情,性服务
色情,性福情
色情,性感少
色情,性伙伴
色情,性交
色情,性交视频
色情,性交图片
色情,性奴
色情,性奴集中营
色情,性虐
色情,阴唇
色情,阴道
色情,阴蒂
色情,阴户
色情,阴间来电
色情,阴茎
色情,阴茎增大
色情,阴茎助勃
色情,阴毛
色情,陰唇
色情,陰道
色情,陰戶
色情,淫荡
色情,淫荡美女
色情,淫荡视频
色情,淫荡照片
色情,淫乱
色情,淫靡
色情,淫魔
色情,淫魔舞
色情,淫女
色情,淫情女
色情,淫肉
色情,淫騷妹
色情,淫兽
色情,淫兽学
色情,淫水
色情,淫穴
色情,morphine
色情,摇头丸
色情,迷药
色情,乖乖粉
色情,narcotic
色情,麻醉药
色情,精神药品
色情,爱女人
色情,爱液
色情,按摩棒
色情,拔出来
色情,爆草
色情,包二奶
色情,暴干
色情,暴奸
色情,暴乳
色情,爆乳
色情,暴淫
色情,屄
色情,被操
色情,被插
色情,被干
色情,逼奸
色情,仓井空
色情,插暴
色情,操逼
色情,操黑
色情,操烂
色情,肏你
色情,肏死
色情,操死
色情,操我
色情,厕奴
色情,插比
色情,插b
色情,插逼
色情,插进
色情,插你
色情,插我
色情,插阴
色情,潮吹
色情,潮喷
色情,成人电影
色情,成人论坛
色情,成人色情
色情,成人网站
色情,成人文学
色情,成人小说
色情,艳情小说
色情,成人游戏
色情,吃精
色情,赤裸
色情,抽插
色情,扌由插
色情,抽一插
色情,春药
色情,大波
色情,大力抽送
色情,大乳
色情,荡妇
色情,荡女
色情,盗撮
色情,多人轮
色情,发浪
色情,放尿
色情,肥逼
色情,粉穴
色情,封面女郎
色情,风月大陆
色情,干死你
色情,干穴
色情,肛交
色情,肛门
色情,龟头
色情,裹本
色情,国产av
色情,好嫩
色情,豪乳
色情,黑逼
色情,后庭
色情,后穴
色情,虎骑
色情,花花公子
色情,换妻俱乐部
色情,黄片
色情,几吧
色情,鸡吧
色情,鸡巴
色情,鸡奸
色情,寂寞男
色情,寂寞女
色情,妓女
色情,激情
色情,集体淫
色情,奸情
色情,叫床
色情,脚交
色情,金鳞岂是池中物
色情,金麟岂是池中物
色情,精液
色情,就去日
色情,巨屌
色情,菊花洞
色情,菊门
色情,巨奶
色情,巨乳
色情,菊穴
色情,开苞
色情,口爆
色情,口活
色情,口交
色情,口射
色情,口淫
色情,裤袜
色情,狂操
色情,狂插
色情,浪逼
色情,浪妇
色情,浪叫
色情,浪女
色情,狼友
色情,聊性
色情,流淫
色情,铃木麻
色情,凌辱
色情,漏乳
色情,露b
色情,乱交
色情,乱伦
色情,轮暴
色情,轮操
色情,轮奸
色情,裸陪
色情,买春
色情,美逼
色情,美少妇
色情,美乳
色情,美腿
色情,美穴
色情,美幼
色情,秘唇
色情,迷奸
色情,密穴
色情,蜜穴
色情,蜜液
色情,摸奶
色情,摸胸
色情,母奸
色情,奈美
色情,奶子
色情,男奴
色情,内射
色情,嫩逼
色情,嫩女
色情,嫩穴
色情,捏弄
色情,女优
色情,炮友
色情,砲友
色情,喷精
色情,屁眼
色情,品香堂
色情,前凸后翘
色情,强jian
色情,强暴
色情,强奸处女
色情,情趣用品
色情,情色
色情,拳交
色情,全裸
色情,群交
色情,惹火身材
色情,人妻
色情,人兽
色情,日逼
色情,日烂
色情,肉棒
色情,肉逼
色情,肉唇
色情,肉洞
色情,肉缝
色情,肉棍
色情,肉茎
色情,肉具
色情,揉乳
色情,肉穴
色情,肉欲
色情,乳爆
色情,乳房
色情,乳沟
色情,乳交
色情,乳头
色情,三级片
色情,骚逼
色情,骚比
色情,骚女
色情,骚水
色情,骚穴
色情,色逼
色情,色界
色情,色猫
色情,色盟
色情,色情网站
色情,色区
色情,色色
色情,色诱
色情,色欲
色情,色b
色情,少年阿宾
色情,少修正
色情,射爽
色情,射颜
色情,食精
色情,释欲
色情,兽奸
色情,兽交
色情,手淫
色情,兽欲
色情,熟妇
色情,熟母
色情,熟女
色情,爽片
色情,爽死我了
色情,双臀
色情,死逼
色情,丝袜
色情,丝诱
色情,松岛枫
色情,酥痒
色情,汤加丽
色情,套弄
色情,体奸
色情,体位
色情,舔脚
色情,舔阴
色情,调教
色情,偷欢
色情,偷拍
色情,推油
色情,脱内裤
色情,文做
色情,我就色
色情,无码
色情,舞女
色情,无修正
色情,吸精
色情,夏川纯
色情,相奸
色情,小逼
色情,校鸡
色情,小穴
色情,小xue
色情,写真
色情,性感妖娆
色情,性感诱惑
色情,性虎
色情,性饥渴
色情,性技巧
色情,性交
色情,性奴
色情,性虐
色情,性息
色情,性欲
色情,胸推
色情,穴口
色情,学生妹
色情,穴图
色情,亚情
色情,颜射
色情,阳具
色情,杨思敏
色情,要射了
色情,夜勤病栋
色情,一本道
色情,一夜欢
色情,一夜情
色情,一ye情
色情,阴部
色情,淫虫
色情,阴唇
色情,淫荡
色情,阴道
色情,淫电影
色情,阴阜
色情,淫妇
色情,淫河
色情,阴核
色情,阴户
色情,淫贱
色情,淫叫
色情,淫教师
色情,阴茎
色情,阴精
色情,淫浪
色情,淫媚
色情,淫糜
色情,淫魔
色情,淫母
色情,淫女
色情,淫虐
色情,淫妻
色情,淫情
色情,淫色
色情,淫声浪语
色情,淫兽学园
色情,淫书
色情,淫术炼金士
色情,淫水
色情,淫娃
色情,淫威
色情,淫亵
色情,淫样
色情,淫液
色情,淫照
色情,阴b
色情,应召
色情,幼交
色情,幼男
色情,幼女
色情,欲火
色情,欲女
色情,玉女心经
色情,玉蒲团
色情,玉乳
色情,欲仙欲死
色情,玉穴
色情,援交
色情,原味内衣
色情,援助交际
色情,张筱雨
色情,招鸡
色情,招妓
色情,中年美妇
色情,抓胸
色情,自拍
色情,自慰
色情,作爱
色情,18禁
色情,99bb
色情,a4u
色情,a4y
色情,adult
色情,amateur
色情,anal
色情,a片
色情,fuck
色情,gay片
色情,g点
色情,g片
色情,hardcore
色情,h动画
色情,h动漫
色情,incest
色情,porn
色情,secom
色情,sexinsex
色情,sm女王
色情,xiao77
色情,xing伴侣
色情,tokyohot
色情,yin荡
反动,腐败中国
反动,三个呆婊
反动,你办事我放心
反动,社会主义灭亡
反动,打倒中国
反动,打倒共产党
反动,打倒共产主义
反动,打倒胡锦涛
反动,打倒江泽民
反动,打倒江主席
反动,打倒李鹏
反动,打倒罗干
反动,打倒温家宝
反动,打倒中共
反动,打倒朱镕
反动,抵制共产党
反动,抵制共产主义
反动,抵制胡锦涛
反动,抵制江泽民
反动,抵制江主席
反动,抵制李鹏
反动,抵制罗干
反动,抵制温家宝
反动,抵制中共
反动,抵制朱镕基
反动,灭亡中国
反动,亡党亡国
反动,粉碎四人帮
反动,激流中国
反动,特供
反动,特贡
反动,特共
反动,zf大楼
反动,殃视
反动,贪污腐败
反动,强制拆除
反动,形式主义
反动,政治风波
反动,太子党
反动,上海帮
反动,北京帮
反动,清华帮
反动,红色贵族
反动,权贵集团
反动,河蟹社会
反动,喝血社会
反动,九风
反动,9风
反动,十七大
反动,十7大
反动,17da
反动,九学
反动,9学
反动,四风
反动,4风
反动,双规
反动,南街村
反动,最淫官员
反动,警匪
反动,官匪
反动,独夫民贼
反动,官商勾结
反动,城管暴力执法
反动,强制捐款
反动,毒豺
反动,一党执政
反动,一党专制
反动,一党专政
反动,专制政权
反动,宪法法院
反动,胡平
反动,苏晓康
反动,贺卫方
反动,谭作人
反动,焦国标
反动,万润南
反动,张志新
反动,辛灝年
反动,高勤荣
反动,王炳章
反动,高智晟
反动,司马璐
反动,刘晓竹
反动,刘宾雁
反动,魏京生
反动,寻找林昭的灵魂
反动,别梦成灰
反动,谁是新中国
反动,讨伐中宣部
反动,异议人士
反动,民运人士
反动,启蒙派
反动,选国家主席
反动,民一主
反动,min主
反动,民竹
反动,民珠
反动,民猪
反动,chinesedemocracy
反动,大赦国际
反动,国际特赦
反动,da选
反动,投公
反动,公头
反动,宪政
反动,平反
反动,党章
反动,维权
反动,昝爱宗
反动,宪章
反动,08宪
反动,08xz
反动,抿主
反动,敏主
反动,人拳
反动,人木又
反动,人quan
反动,renquan
反动,中国人权
反动,中国新民党
反动,群体事件
反动,群体性事件
反动,上中央
反动,去中央
反动,讨说法
反动,请愿
反动,请命
反动,公开信
反动,联名上书
反动,万人大签名
反动,万人骚动
反动,截访
反动,上访
反动,shangfang
反动,信访
反动,访民
反动,集合
反动,集会
反动,组织集体
反动,静坐
反动,静zuo
反动,jing坐
反动,示威
反动,示wei
反动,游行
反动,you行
反动,油行
反动,游xing
反动,youxing
反动,官逼民反
反动,反party
反动,反共
反动,抗议
反动,亢议
反动,抵制
反动,低制
反动,底制
反动,di制
反动,抵zhi
反动,dizhi
反动,boycott
反动,血书
反动,焚烧中国国旗
反动,baoluan
反动,流血冲突
反动,出现暴动
反动,发生暴动
反动,引起暴动
反动,baodong
反动,灭共
反动,杀毙
反动,罢工
反动,霸工
反动,罢考
反动,罢餐
反动,霸餐
反动,罢参
反动,罢饭
反动,罢吃
反动,罢食
反动,罢课
反动,罢ke
反动,霸课
反动,ba课
反动,罢教
反动,罢学
反动,罢运
反动,网特
反动,网评员
反动,网络评论员
反动,五毛党
反动,五毛们
反动,5毛党
反动,戒严
反动,jieyan
反动,jie严
反动,戒yan
反动,8的平方事件
反动,知道64
反动,八九年
反动,贰拾年
反动,2o年
反动,20和谐年
反动,贰拾周年
反动,六四
反动,六河蟹四
反动,六百度四
反动,六和谐四
反动,陆四
反动,陆肆
反动,198964
反动,5月35
反动,89年春夏之交
反动,64惨案
反动,64时期
反动,64运动
反动,4事件
反动,四事件
反动,北京风波
反动,学潮
反动,学chao
反动,xuechao
反动,学百度潮
反动,门安天
反动,天按门
反动,坦克压大学生
反动,民主女神
反动,历史的伤口
反动,高自联
反动,北高联
反动,血洗京城
反动,四二六社论
反动,王丹
反动,柴玲
反动,沈彤
反动,封从德
反动,王超华
反动,王维林
反动,吾尔开希
反动,吾尔开西
反动,侯德健
反动,阎明复
反动,方励之
反动,蒋捷连
反动,丁子霖
反动,辛灏年
反动,蒋彦永
反动,严家其
反动,陈一咨
反动,中华局域网
反动,党的喉舌
反动,互联网审查
反动,当局严密封锁
反动,新闻封锁
反动,封锁消息
反动,爱国者同盟
反动,关闭所有论坛
反动,网络封锁
反动,金盾工程
反动,gfw
反动,无界浏览
反动,无界网络
反动,自由门
反动,何清涟
反动,中国的陷阱
反动,汪兆钧
反动,记者无疆界
反动,境外媒体
反动,维基百科
反动,纽约时报
反动,bbc中文网
反动,华盛顿邮报
反动,世界日报
反动,东森新闻网
反动,东森电视
反动,星岛日报
反动,wikipedia
反动,youtube
反动,googleblogger
反动,美国广播公司
反动,英国金融时报
反动,自由亚洲
反动,自由时报
反动,中国时报
反动,反分裂
反动,威胁论
反动,左翼联盟
反动,钓鱼岛
反动,保钓组织
反动,主权
反动,弓单
反动,火乍
反动,木仓
反动,石肖
反动,核蛋
反动,步qiang
反动,bao炸
反动,爆zha
反动,baozha
反动,zha药
反动,zha弹
反动,炸dan
反动,炸yao
反动,zhadan
反动,zhayao
反动,hmtd
反动,三硝基甲苯
反动,六氟化铀
反动,炸药配方
反动,弹药配方
反动,炸弹配方
反动,皮箱炸弹
反动,火药配方
反动,人体炸弹
反动,人肉炸弹
反动,解放军
反动,兵力部署
反动,军转
反动,军事社
反动,8341部队
反动,第21集团军
反动,七大军区
反动,7大军区
反动,北京军区
反动,沈阳军区
反动,济南军区
反动,成都军区
反动,广州军区
反动,南京军区
反动,兰州军区
反动,颜色革命
反动,规模冲突
反动,塔利班
反动,基地组织
反动,恐怖分子
反动,恐怖份子
反动,三股势力
反动,印尼屠华
反动,印尼事件
反动,蒋公纪念歌
反动,马英九
反动,mayingjiu
反动,李天羽
反动,苏贞昌
反动,林文漪
反动,陈水扁
反动,陈s扁
反动,陈随便
反动,阿扁
反动,a扁
反动,告全国同胞书
反动,台百度湾
反动,台完
反动,台wan
反动,taiwan
反动,台弯
反动,湾台
反动,台湾国
反动,台湾共和国
反动,台军
反动,台独
反动,台毒
反动,台du
反动,taidu
反动,twdl
反动,一中一台
反动,打台湾
反动,两岸战争
反动,攻占台湾
反动,支持台湾
反动,进攻台湾
反动,占领台湾
反动,统一台湾
反动,收复台湾
反动,登陆台湾
反动,解放台湾
反动,解放tw
反动,解决台湾
反动,光复民国
反动,台湾独立
反动,台湾问题
反动,台海问题
反动,台海危机
反动,台海统一
反动,台海大战
反动,台海战争
反动,台海局势
反动,入联
反动,入耳关
反动,中华联邦
反动,国民党
反动,x民党
反动,民进党
反动,青天白日
反动,闹独立
反动,duli
反动,fenlie
反动,日本万岁
反动,小泽一郎
反动,劣等民族
反动,汉人
反动,汉维
反动,维汉
反动,维吾
反动,吾尔
反动,热比娅
反动,伊力哈木
反动,疆独
反动,东突厥斯坦解放组织
反动,东突解放组织
反动,蒙古分裂分子
反动,列确
反动,阿旺晋美
反动,藏人
反动,臧人
反动,zang人
反动,藏民
反动,藏m
反动,达赖
反动,赖达
反动,dalai
反动,哒赖
反动,dl喇嘛
反动,丹增嘉措
反动,打砸抢
反动,西独
反动,藏独
反动,葬独
反动,臧独
反动,藏毒
反动,藏du
反动,zangdu
反动,支持zd
反动,藏暴乱
反动,藏青会
反动,雪山狮子旗
反动,拉萨
反动,啦萨
反动,啦沙
反动,啦撒
反动,拉sa
反动,lasa
反动,la萨
反动,西藏
反动,藏西
反动,藏春阁
反动,藏獨
反动,藏独
反动,藏独立
反动,藏妇会
反动,藏青会
反动,藏字石
反动,xizang
反动,xi藏
反动,x藏
反动,西z
反动,tibet
反动,希葬
反动,希藏
反动,硒藏
反动,稀藏
反动,西脏
反动,西奘
反动,西葬
反动,西臧
反动,援藏
反动,bjork
反动,王千源
反动,安拉
反动,回教
反动,回族
反动,回回
反动,回民
反动,穆斯林
反动,穆罕穆德
反动,穆罕默德
反动,默罕默德
反动,伊斯兰
反动,圣战组织
反动,清真
反动,清zhen
反动,qingzhen
反动,真主
反动,阿拉伯
反动,高丽棒子
反动,韩国狗
反动,满洲第三帝国
反动,满狗
反动,鞑子
反动,江丑闻
反动,江嫡系
反动,江毒
反动,江独裁
反动,江蛤蟆
反动,江核心
反动,江黑心
反动,江胡内斗
反动,江祸心
反动,江家帮
反动,江绵恒
反动,江派和胡派
反动,江派人马
反动,江泉集团
反动,江人马
反动,江三条腿
反动,江氏集团
反动,江氏家族
反动,江氏政治局
反动,江氏政治委员
反动,江梳头
反动,江太上
反动,江戏子
反动,江系人
反动,江系人马
反动,江宰民
反动,江贼
反动,江贼民
反动,江主席
反动,麻果丸
反动,麻将透
反动,麻醉弹
反动,麻醉狗
反动,麻醉枪
反动,麻醉槍
反动,麻醉药
反动,麻醉藥
反动,台独
反动,台湾版假币
反动,台湾独立
反动,台湾国
反动,台湾应该独立
反动,台湾有权独立
反动,天灭中共
反动,中共帮凶
反动,中共保命
反动,中共裁
反动,中共党文化
反动,中共腐败
反动,中共的血旗
反动,中共的罪恶
反动,中共帝国
反动,中共独裁
反动,中共封锁
反动,中共封网
反动,中共腐败
反动,中共黑
反动,中共黑帮
反动,中共解体
反动,中共近期权力斗争
反动,中共恐惧
反动,中共权力斗争
反动,中共任用
反动,中共退党
反动,中共洗脑
反动,中共邪教
反动,中共邪毒素
反动,中共政治游戏
暴恐,福音会
暴恐,中国教徒
暴恐,统一教
暴恐,观音法门
暴恐,清海无上师
暴恐,盘古
暴恐,李洪志
暴恐,志洪李
暴恐,李宏志
暴恐,轮功
暴恐,法轮
暴恐,轮法功
暴恐,三去车仑
暴恐,氵去车仑
暴恐,发论工
暴恐,法x功
暴恐,法o功
暴恐,法0功
暴恐,法一轮一功
暴恐,轮子功
暴恐,车仑工力
暴恐,法lun
暴恐,fa轮
暴恐,法lg
暴恐,flg
暴恐,fl功
暴恐,falungong
暴恐,大法弟子
暴恐,大纪元
暴恐,dajiyuan
暴恐,明慧网
暴恐,明慧周报
暴恐,正见网
暴恐,新唐人
暴恐,伪火
暴恐,退党
暴恐,tuidang
暴恐,退dang
暴恐,超越红墙
暴恐,自fen
暴恐,真善忍
暴恐,九评
暴恐,9评
暴恐,9ping
暴恐,九ping
暴恐,jiuping
暴恐,藏字石
暴恐,集体自杀
暴恐,自sha
暴恐,zi杀
暴恐,suicide
暴恐,titor
暴恐,逢8必灾
暴恐,逢八必灾
暴恐,逢9必乱
暴恐,逢九必乱
暴恐,朱瑟里诺
暴恐,根达亚文明
暴恐,诺查丹玛斯
暴恐,人类灭亡进程表
暴恐,按照马雅历法
暴恐,推背图
暴恐,推bei图
暴恐,济世灵文
暴恐,诸世纪
暴恐,电狗
暴恐,电话定位器
暴恐,电话拦截器
暴恐,电话窃听
暴恐,电话监
暴恐,电话交友
暴恐,电话追杀系统
暴恐,电击枪
暴恐,电鸡
暴恐,电警棒
暴恐,枪出售
暴恐,枪的制
暴恐,枪货到
暴恐,枪决女犯
暴恐,枪模
暴恐,枪手
暴恐,枪销售
暴恐,枪械制
暴恐,枪子弹
暴恐,售步枪
暴恐,售纯度
暴恐,售单管
暴恐,售弹簧刀
暴恐,售防身
暴恐,售狗子
暴恐,售虎头
暴恐,售火药
暴恐,售假币
暴恐,售健卫
暴恐,售军用
暴恐,售猎枪
暴恐,售氯胺
暴恐,售麻醉
暴恐,售枪支
暴恐,售热武
暴恐,售三棱
暴恐,售手枪
暴恐,售五四
暴恐,售一元硬
暴恐,售子弹
暴恐,售左轮
暴恐,亚砷（酸）酐
暴恐,亚砷酸钾
暴恐,亚砷酸钠
暴恐,亚硒酸
暴恐,亚硒酸二钠
暴恐,亚硒酸镁
暴恐,亚硒酸钠
暴恐,亚硒酸氢钠
暴恐,亚硝酸乙酯
暴恐,亚硝酰乙氧
暴恐,氧化二丁基锡
暴恐,氧化汞
暴恐,氧化铊
暴恐,氧化亚铊
暴恐,氧氯化磷
暴恐,原装弹
暴恐,原子弹方法
暴恐,原子弹清单
暴恐,安眠酮
暴恐,代血浆
暴恐,普萘洛尔
暴恐,呋塞米
暴恐,西布曲明
暴恐,testosterone
暴恐,胰岛素样生长因子
暴恐,促红细胞生成素
暴恐,地西泮
暴恐,尼可刹米
暴恐,甲睾酮
暴恐,adrenaline
暴恐,erythropoietin
暴恐,地奈德
暴恐,莫达非尼
暴恐,氯噻嗪
暴恐,苯巴比妥
暴恐,促性腺激素
暴恐,泼尼松
暴恐,麻黄草
暴恐,雄烯二醇
暴恐,地塞米松
暴恐,tamoxifen
暴恐,strychnine
暴恐,androst
暴恐,新型毒品
暴恐,杜冷丁
暴恐,兴奋剂
暴恐,mdma
暴恐,海洛因
暴恐,海luo因
暴恐,heroin
暴恐,diamorphine
暴恐,diacetylmorphine
暴恐,鸦片
暴恐,阿芙蓉
暴恐,咖啡因
暴恐,cocain
暴恐,三唑仑
暴恐,美沙酮
暴恐,麻古
暴恐,k粉
暴恐,凯他敏
暴恐,ketamine
暴恐,冰毒
暴恐,苯丙胺
暴恐,cannabis
暴恐,大麻
暴恐,爱他死
暴恐,氯胺酮
暴恐,benzodiazepines
暴恐,甲基安非他明
暴恐,安非他命
暴恐,吗啡
民生,打人
民生,打人
民生,拆迁
民生,拆迁
民生,纠纷
民生,纠纷
民生,盗窃
民生,盗窃
民生,安眠酮
民生,代药物毒品类：血浆
民生,普萘洛尔
民生,呋塞米
民生,西布曲明
民生,testosterone
民生,胰岛素样生长因子
民生,促红细胞生成素
民生,地西泮
民生,尼可刹米
民生,甲睾酮
民生,adrenaline
民生,erythropoietin
民生,地奈德
民生,莫达非尼
民生,氯噻嗪
民生,苯巴比妥
民生,促性腺激素
民生,泼尼松
民生,麻黄草
民生,雄烯二醇
民生,地塞米松
民生,tamoxifen
民生,strychnine
民生,androst
民生,新型毒品
民生,杜冷丁
民生,兴奋剂
民生,mdma
民生,海洛因
民生,海luo因
民生,heroin
民生,diamorphine
民生,diacetylmorphine
民生,鸦片
民生,阿芙蓉
民生,咖啡因
民生,cocain
民生,三唑仑
民生,美沙酮
民生,麻古
民生,k粉
民生,凯他敏
民生,ketamine
民生,冰毒
民生,苯丙胺
民生,cannabis
民生,大麻
民生,爱他死
民生,氯胺酮
民生,benzodiazepines
民生,甲基安非他明
民生,安非他命
民生,吗啡
民生,morphine
民生,摇头丸
民生,迷药
民生,乖乖粉
民生,narcotic
民生,麻醉药
民生,精神药品
民生,专业代理
民生,帮忙点一下
民生,帮忙点下
民生,请点击进入
民生,详情请进入
民生,私人侦探
民生,私家侦探
民生,针孔摄象
民生,调查婚外情
民生,信用卡提现
民生,无抵押贷款
民生,广告代理
民生,原音铃声
民生,借腹生子
民生,找个妈妈
民生,找个爸爸
民生,代孕妈妈
民生,代生孩子
民生,代开发票
民生,腾讯客服电话
民生,销售热线
民生,免费订购热线
民生,低价出售
民生,款到发货
民生,回复可见
民生,连锁加盟
民生,加盟连锁
民生,免费二级域名
民生,免费使用
民生,免费索取
民生,蚁力神
民生,婴儿汤
民生,售肾
民生,刻章办
民生,买小车
民生,套牌车
民生,玛雅网
民生,电脑传讯
民生,视频来源
民生,下载速度
民生,高清在线
民生,全集在线
民生,在线播放
民生,txt下载
民生,六位qq
民生,6位qq
民生,位的qq
民生,个qb
民生,送qb
民生,用刀横向切腹
民生,完全自杀手册
民生,四海帮
民生,足球投注
民生,地下钱庄
民生,中国复兴党
民生,阿波罗网
民生,曾道人
民生,六合彩
民生,改卷内幕
民生,替考试
民生,隐形耳机
民生,出售答案
民生,考中答案
民生,答an
民生,da案
民生,资金周转
民生,救市
民生,股市圈钱
民生,崩盘
民生,资金短缺
民生,证监会
民生,质押贷款
民生,小额贷款
民生,周小川
民生,刘明康
民生,尚福林
民生,孔丹
民生,汉芯造假
民生,杨树宽
民生,中印边界谈判结果
民生,喂奶门
民生,摸nai门
民生,酒瓶门
民生,脱裤门
民生,75事件
民生,乌鲁木齐
民生,新疆骚乱
民生,针刺
民生,打针
民生,食堂涨价
民生,饭菜涨价
民生,h1n1
民生,瘟疫爆发
民生,yangjia
民生,y佳
民生,yang佳
民生,杨佳
民生,杨j
民生,袭警
民生,杀警
民生,武侯祠
民生,川b26931
民生,贺立旗
民生,周正毅
民生,px项目
民生,骂四川
民生,家l福
民生,家le福
民生,加了服
民生,麦当劳被砸
民生,豆腐渣
民生,这不是天灾
民生,龙小霞
民生,震其国土
民生,yuce
民生,提前预测
民生,地震预测
民生,隐瞒地震
民生,李四光预测
民生,蟾蜍迁徙
民生,地震来得更猛烈
民生,八级地震毫无预报
民生,踩踏事故
民生,聂树斌
民生,万里大造林
民生,陈相贵
民生,张丹红
民生,尹方明
民生,李树菲
民生,王奉友
民生,零八奥运艰
民生,惨奥
民生,奥晕
民生,凹晕
民生,懊运
民生,懊孕
民生,奥孕
民生,奥你妈的运
民生,反奥
民生,628事件
民生,weng安
民生,wengan
民生,翁安
民生,瓮安事件
民生,化工厂爆炸
民生,讨回工资
民生,代办发票
民生,代办各
民生,代办文
民生,代办学
民生,代办制
民生,代辦
民生,代表烦
民生,代开发票
民生,代開
民生,代考
民生,代理发票
民生,代理票据
民生,代您考
民生,代讨债
民生,代写毕
民生,代写论文
民生,代孕
民生,代追债
民生,考后付款
民生,考机构
民生,考考邓
民生,考联盟
民生,考前答案
民生,考前付
民生,考前密卷
民生,考前预测
民生,"考试,答案"
民生,"考试,作弊器"
民生,考试包过
民生,考试保
民生,考试答案
民生,考试机构
民生,考试联盟
民生,考试枪
民生,考试作弊
民生,考试作弊器
民生,考研考中
民生,考中答案
民生,透视功能
民生,透视镜
民生,透视扑
民生,透视器
民生,透视眼睛
民生,透视眼镜
民生,透视药
民生,透视仪
民生,打死经过
民生,打死人
民生,打砸办公
民生,打砸抢
民生,安眠酮
民生,代血浆
民生,普萘洛尔
民生,呋塞米
民生,西布曲明
民生,testosterone
民生,胰岛素样生长因子
民生,促红细胞生成素
民生,地西泮
民生,尼可刹米
民生,甲睾酮
民生,adrenaline
民生,erythropoietin
民生,地奈德
民生,莫达非尼
民生,氯噻嗪
民生,苯巴比妥
民生,促性腺激素
民生,泼尼松
民生,麻黄草
民生,雄烯二醇
民生,地塞米松
民生,tamoxifen
民生,strychnine
民生,androst
民生,新型毒品
民生,杜冷丁
民生,兴奋剂
民生,mdma
民生,海洛因
民生,海luo因
民生,heroin
民生,diamorphine
民生,diacetylmorphine
民生,鸦片
民生,阿芙蓉
民生,咖啡因
民生,cocain
民生,三唑仑
民生,美沙酮
民生,麻古
民生,k粉
民生,凯他敏
民生,ketamine
民生,冰毒
民生,苯丙胺
民生,cannabis
民生,大麻
民生,爱他死
民生,氯胺酮
民生,benzodiazepines
民生,甲基安非他明
民生,安非他命
民生,吗啡
民生,KC短信
民生,KC嘉年华
民生,短信广告
民生,短信群发
民生,短信群发器
民生,小6灵通
民生,短信商务广告
民生,段录定
民生,无界浏览
民生,无界浏览器
民生,无界
民生,无网界
民生,无网界浏览
民生,无帮国
民生,KC提示
民生,KC网站
民生,UP8新势力
民生,白皮书
民生,UP新势力
民生,移民
民生,易达网络卡
民生,安魂网
民生,罢工
民生,罢课
民生,纽崔莱七折
民生,手机复制
民生,手机铃声
民生,网关
民生,神通加持法
民生,全1球通
民生,如6意通
民生,清仓
民生,灵动卡
民生,答案卫星接收机
民生,高薪养廉
民生,考后付款
民生,佳静安定片
民生,航空母舰
民生,航空售票
民生,号码百事通
民生,考前发放
民生,成本价
民生,诚信通手机商城
民生,高利贷
民生,联4通
民生,黑庄
民生,黑手党
民生,黑车
民生,联通贵宾卡
民生,联总
民生,联总这声传单
民生,联总之声传单
民生,高息贷款
民生,高干子弟
民生,恭喜你的号码
民生,恭喜您的号码
民生,高干子女
民生,各个银行全称
民生,各种发票
民生,高官
民生,高官互调
民生,高官子女
民生,喝一送一
民生,卡号
民生,复制
民生,监听王
民生,传单
民生,旦科
民生,钓鱼岛
民生,钓鱼台
民生,当官靠后台
民生,党校安插亲信
民生,传九促三
民生,客户端非法字符
民生,刻章
民生,大麻树脂
民生,大麻油
民生,大法
民生,大法弟子
民生,dpp大法
民生,fa lun
民生,falu
民生,发抡
民生,发抡功
民生,洗脑
民生,下法轮
民生,发轮
民生,发伦
民生,发伦功
民生,发仑
民生,发沦
民生,发纶
民生,发论
民生,发论功
民生,发论公
民生,发正念
民生,发囵
民生,发愣
民生,发瞟
民生,罚抡
民生,罚伦
民生,罚仑
民生,罚沦
民生,罚纶
民生,罚囵
民生,筏抡
民生,筏轮
民生,筏伦
民生,筏仑
民生,筏沦
民生,筏纶
民生,筏论
民生,筏囵
民生,伐抡
民生,伐轮
民生,伐伦
民生,伐仑
民生,伐沦
民生,伐论
民生,伐囵
民生,乏抡
民生,乏轮
民生,乏伦
民生,乏仑
民生,乏沦
民生,乏纶
民生,乏论
民生,乏囵
民生,阀抡
民生,阀伦
民生,阀仑
民生,阀沦
民生,阀纶
民生,阀论
民生,阀囵
民生,法 轮 功
民生,法*功
民生,法.轮.功
民生,法L功
民生,法lun功
民生,法功
民生,法会
民生,法抡
民生,法抡功
民生,法轮
民生,法轮大法
民生,法轮佛法
民生,法轮功
民生,法伦
民生,法仑
民生,法沦
民生,法纶
民生,法论
民生,法十轮十功
民生,法西斯
民生,法院
民生,法正
民生,法谪
民生,法谪功
民生,法輪
民生,法囵
民生,法愣
民生,珐.輪功
民生,珐抡
民生,珐轮
民生,珐伦
民生,珐仑
民生,珐沦
民生,五不
民生,五不争鸣论坛
民生,五出三进
民生,五套功法
民生,邝锦文
民生,垡抡
民生,垡轮
民生,垡伦
民生,垡仑
民生,垡沦
民生,垡纶
民生,垡论
民生,垡囵
民生,茳澤民
民生,荭志
民生,闳志
民生,闵维方
民生,氵去
民生,氵去车仑工力
民生,转法轮
民生,砝抡
民生,砝轮
民生,砝伦
民生,砝仑
民生,砝沦
民生,砝纶
民生,真、善、忍
民生,真理教
民生,真善美
民生,真善忍
民生,砝论
民生,砝囵
民生,泓志
民生,屙民
民生,珐纶
民生,珐论
民生,珐囵
民生,falun
民生,Falundafa
民生,fa轮
民生,Flg
民生,弟子
民生,地下教会
民生,炼功
民生,梦网洪志
民生,轮大
民生,抡功
民生,轮功
民生,伦功
民生,摩门教
民生,三水法轮
民生,三唑仑
民生,天皇
民生,天怒
民生,天葬
民生,车臣
民生,达赖
民生,功法
民生,讲法
民生,基督
民生,基督教
民生,护法
民生,回教
民生,教徒
民生,功友
民生,大师
民生,达赖喇嘛
民生,虹志
民生,鸿志
民生,洪传
民生,贯通两极法
民生,光祖
民生,洪吟
民生,洪哲胜
民生,洪志
民生,宏法
民生,观世音
民生,宏志
民生,弘志
民生,古兰经
民生,红志
民生,车库
民生,车仑
民生,经文
贪腐,腐败
贪腐,贪污
贪腐,gcd
贪腐,共贪党
贪腐,gongchandang
贪腐,阿共
贪腐,共一产一党
贪腐,产党共
贪腐,公产党
贪腐,工产党
贪腐,共c党
贪腐,共x党
贪腐,共铲
贪腐,供产
贪腐,共惨
贪腐,供铲党
贪腐,供铲谠
贪腐,供铲裆
贪腐,共残党
贪腐,共残主义
贪腐,共产主义的幽灵
贪腐,拱铲
贪腐,老共
贪腐,中珙
贪腐,中gong
贪腐,gc党
贪腐,贡挡
贪腐,gong党
贪腐,g产
贪腐,狗产蛋
贪腐,共残裆
贪腐,恶党
贪腐,邪党
贪腐,共产专制
贪腐,共产王朝
贪腐,裆中央
贪腐,土共
贪腐,土g
贪腐,共狗
贪腐,g匪
贪腐,共匪
贪腐,仇共
贪腐,共产党腐败
贪腐,共产党专制
贪腐,共产党的报应
贪腐,共产党的末日
贪腐,共产党专制
贪腐,communistparty
贪腐,症腐
贪腐,政腐
贪腐,政付
贪腐,正府
贪腐,政俯
贪腐,政f
贪腐,zhengfu
贪腐,政zhi
贪腐,挡中央
贪腐,档中央
贪腐,中国zf
贪腐,中央zf
贪腐,国wu院
贪腐,中华帝国
贪腐,gong和
贪腐,大陆官方
贪腐,北京政权
贪腐,刘志军
贪腐,张曙
贪腐,刘志军
贪腐,买别墅
贪腐,玩女人
贪腐,贪20亿
贪腐,许宗衡
贪腐,贪财物
贪腐,李启红
贪腐,贪腐财富
贪腐,落马
贪腐,高官名单
贪腐,陈希同
贪腐,贪污
贪腐,玩忽职守
贪腐,有期徒刑
贪腐,陈良宇
贪腐,受贿罪
贪腐,滥用职权
贪腐,有期徒刑
贪腐,没收个人财产
贪腐,成克杰
贪腐,死刑
贪腐,程维高
贪腐,严重违纪
贪腐,开除党籍
贪腐,撤销职务
贪腐,刘方仁
贪腐,无期徒刑
贪腐,倪献策
贪腐,徇私舞弊
贪腐,梁湘
贪腐,以权谋私
贪腐,撤职。
贪腐,李嘉廷
贪腐,死刑缓期
贪腐,张国光
贪腐,韩桂芝
贪腐,宋平顺
贪腐,自杀
贪腐,黄瑶
贪腐,双规
贪腐,陈绍基
贪腐,判处死刑
贪腐,剥夺政治权利终身
贪腐,没收个人全部财产
贪腐,石兆彬
贪腐,侯伍杰
贪腐,王昭耀
贪腐,剥夺政治权利
贪腐,杜世成
贪腐,沈图
贪腐,叛逃美国
贪腐,罗云光
贪腐,起诉
贪腐,张辛泰
贪腐,李效时
贪腐,边少斌
贪腐,徐鹏航
贪腐,违纪
贪腐,收受股票
贪腐,王乐毅
贪腐,李纪周
贪腐,郑光迪
贪腐,田凤山。
贪腐,邱晓华
贪腐,郑筱萸
贪腐,孙鹤龄
贪腐,蓝田造假案
贪腐,于幼军
贪腐,留党察看
贪腐,何洪达
贪腐,朱志刚
贪腐,杨汇泉
贪腐,官僚主义
贪腐,徐炳松
贪腐,托乎提沙比尔
贪腐,王宝森
贪腐,经济犯罪
贪腐,畏罪自杀。
贪腐,陈水文
贪腐,孟庆平
贪腐,胡长清
贪腐,朱川
贪腐,许运鸿
贪腐,丘广钟
贪腐,刘知炳
贪腐,丛福奎
贪腐,王怀忠
贪腐,巨额财产
贪腐,来源不明罪
贪腐,李达昌
贪腐,刘长贵
贪腐,王钟麓
贪腐,阿曼哈吉
贪腐,付晓光
贪腐,自动辞
贪腐,刘克田
贪腐,吕德彬
贪腐,刘维明
贪腐,双开
贪腐,刘志华
贪腐,孙瑜
贪腐,李堂堂
贪腐,韩福才 青海
贪腐,欧阳德 广东
贪腐,韦泽芳 海南
贪腐,铁英 北京
贪腐,辛业江 海南
贪腐,于飞 广东
贪腐,姜殿武 河北
贪腐,秦昌典 重庆
贪腐,范广举 黑龙江
贪腐,张凯广东
贪腐,王厚宏海南
贪腐,陈维席安徽
贪腐,王有杰河南
贪腐,王武龙江苏
贪腐,米凤君吉林
贪腐,宋勇辽宁
贪腐,张家盟浙江
贪腐,马烈孙宁夏
贪腐,黄纪诚北京
贪腐,常征贵州
贪腐,王式惠重庆
贪腐,周文吉
贪腐,王庆录广西
贪腐,潘广田山东
贪腐,朱作勇甘肃
贪腐,孙善武河南
贪腐,宋晨光江西
贪腐,梁春禄广西政协
贪腐,鲁家善 中国交通
贪腐,金德琴 中信
贪腐,李大强 神华
贪腐,吴文英 纺织
贪腐,查克明 华能
贪腐,朱小华光大
贪腐,高严 国家电力
贪腐,王雪冰
贪腐,林孔兴
贪腐,刘金宝
贪腐,张恩照
贪腐,陈同海
贪腐,康日新
贪腐,王益
贪腐,张春江
贪腐,洪清源
贪腐,平义杰
贪腐,李恩潮
贪腐,孙小虹
贪腐,陈忠
贪腐,慕绥新
贪腐,田凤岐
贪腐,麦崇楷
贪腐,柴王群
贪腐,吴振汉
贪腐,张秋阳
贪腐,徐衍东
贪腐,徐发 黑龙江
贪腐,张宗海
贪腐,丁鑫发
贪腐,徐国健
贪腐,李宝金
贪腐,单平
贪腐,段义和
贪腐,荆福生
贪腐,陈少勇
贪腐,黄松有
贪腐,皮黔生
贪腐,王华元
贪腐,王守业
贪腐,刘连昆
贪腐,孙晋美
贪腐,邵松高
贪腐,肖怀枢
贪腐,刘广智 空军
贪腐,姬胜德 总参
贪腐,廖伯年 北京
其他,《动向》
其他,《争鸣》
其他,《中国民主》
其他,322攻台作战计划
其他,38集团军
其他,3D轮盘
其他,64大屠杀
其他,6合彩
其他,70天大事记
其他,89学潮大屠杀
其他,89学潮血腥屠杀
其他,BB弹
其他,BB枪
其他,fa轮
其他,FL大法
其他,jiuping
其他,SIM卡复制器
其他,SM用品
其他,t牌车
其他,阿宾
其他,阿凡提机
其他,挨了一炮
其他,爱国运动正名
其他,爱国者同盟网站
其他,爱液横流
其他,安眠藥
其他,案的准确
其他,暗访包
其他,八九民
其他,八九学
其他,八九政治
其他,把病人整
其他,把邓小平
其他,把学生整
其他,罢工门
其他,白黄牙签
其他,白小姐
其他,百家乐
其他,百乐二呓
其他,败培训
其他,拜大哥
其他,斑蝥
其他,办本科
其他,办理本科
其他,办理各种
其他,办理票据
其他,办理文凭
其他,办理真实
其他,办理证件
其他,办理证书
其他,办理资格
其他,办文凭
其他,办怔
其他,办证
其他,半刺刀
其他,辦毕业
其他,辦證
其他,帮人怀孕
其他,谤罪获刑
其他,磅解码器
其他,磅遥控器
其他,包办色情娱乐服务
其他,包青天机
其他,包养
其他,宝在甘肃修
其他,保过答案
其他,报复执法
其他,报码
其他,暴菊
其他,暴力袭警
其他,暴力执法
其他,爆发骚
其他,爆菊
其他,北姑
其他,北京帮
其他,北京独立
其他,北京风波
其他,北京黑幕
其他,北京市委黑幕
其他,北京政坛清华名人
其他,北美巡回讲法
其他,北省委门
其他,被指抄袭
其他,被中共
其他,本无码
其他,避孕膜
其他,鞭满
其他,变牌
其他,变牌绝
其他,辩词与梦
其他,冰毒
其他,冰火毒
其他,冰火佳
其他,冰火九重
其他,冰火漫
其他,冰淫传
其他,冰在火上
其他,波胆
其他,波推龙
其他,博彩
其他,博彩娱
其他,博会暂停
其他,博园区伪
其他,不查都
其他,不查全
其他,布卖淫女
其他,部忙组阁
其他,部是这样
其他,才知道只生
其他,财众科技
其他,采花堂
其他,彩宝
其他,彩票
其他,彩票选号机
其他,彩票预测
其他,踩踏事
其他,苍山兰
其他,苍蝇水
其他,操了嫂
其他,操你妈
其他,操嫂子
其他,厕奴
其他,策没有不
其他,插屁屁
其他,察象蚂
其他,拆迁灭
其他,禅密功
其他,长狗
其他,车仑大法
其他,车牌隐
其他,车用电子狗
其他,成佛做主
其他,城管灭
其他,惩公安
其他,惩贪难
其他,持枪证
其他,充气娃
其他,冲凉死
其他,抽着大中
其他,抽着芙蓉
其他,出成绩付
其他,出售发票
其他,出售假币
其他,出售军
其他,出售器官
其他,出售肾
其他,穿透仪器
其他,传九退三
其他,传送答案
其他,吹箭
其他,春宫
其他,春宫图
其他,春水横溢
其他,春药
其他,纯度白
其他,纯度黄
其他,慈悲功
其他,次通过考
其他,催眠水
其他,催情粉
其他,催情药
其他,催情藥
其他,挫仑
其他,达毕业证
其他,达赖
其他,达米宣教会
其他,答案包
其他,答案提供
其他,打标语
其他,打错门
其他,打飞机专
其他,大法弟子
其他,大法轮
其他,大法修炼者
其他,大鸡巴
其他,大雞巴
其他,大纪元
其他,大妓院
其他,大揭露
其他,大奶子
其他,大批贪官
其他,大肉棒
其他,大学暴动
其他,大圆满法
其他,大庄
其他,大嘴歌
其他,贷借款
其他,贷开
其他,戴海静
其他,弹种
其他,当代七整
其他,当官要精
其他,当官在于
其他,党风日下
其他,党棍
其他,党后萎
其他,党禁
其他,党内权力
其他,党内权争
其他,党内危机
其他,党内言事潮
其他,党前干劲
其他,荡妇
其他,刀架保安
其他,导爆索
其他,导的情人
其他,导叫失
其他,导人的最
其他,导人最
其他,导小商
其他,到花心
其他,盗号
其他,盗取qq
其他,盗取密码
其他,得财兼
其他,的同修
其他,灯草和
其他,等级證
其他,等人老百
其他,等人是老
其他,等人手术
其他,邓爷爷转
其他,邓颖超日记
其他,邓玉娇
其他,抵制北京奥运
其他,地磅解码器
其他,地磅遥控器
其他,地产之歌
其他,地下先烈
其他,帝国之梦
其他,递进民主
其他,递纸死
其他,第二首都
其他,第三次世界大战
其他,第五代红人
其他,第五代接班梯队
其他,"颠覆,共产党"
其他,"颠覆,共产主义"
其他,"颠覆,胡锦涛"
其他,"颠覆,温家宝"
其他,"颠覆,中共"
其他,"颠覆,朱镕基"
其他,点金商务
其他,点数优惠
其他,电子狗导航手机
其他,甸果敢
其他,蝶舞按
其他,丁香社
其他,丁子霖
其他,顶花心
其他,顶贴机
其他,顶帖器
其他,东北独立
其他,东方闪电
其他,东复活
其他,东京热
其他,东突
其他,东伊运
其他,東京熱
其他,董元辰
其他,洞小口紧
其他,都当警
其他,都当小姐
其他,都进中央
其他,毒蛇钻
其他,独夫民贼
其他,独立台湾
其他,赌博机
其他,赌恒指
其他,赌具
其他,赌球
其他,赌球网
其他,短信截
其他,短信猫
其他,短信群发
其他,短信投票业务
其他,段桂清
其他,对共产党清算
其他,对日强硬
其他,多党执政
其他,多美康
其他,躲猫猫
其他,俄罗斯轮盘
其他,俄羅斯
其他,恶党
其他,恶搞人民币
其他,恶警
其他,恶势力操
其他,恶势力插
其他,恩氟烷
其他,儿园惨
其他,儿园砍
其他,儿园杀
其他,儿园凶
其他,二奶大
其他,二十四事件
其他,发仑da发
其他,发伦工
其他,发轮功
其他,发轮功陈果
其他,发牌绝
其他,发票出
其他,发票代
其他,发票代开
其他,发票销
其他,发贴工具
其他,发贴机
其他,發票
其他,法0功
其他,法O功
其他,法车仑
其他,法功
其他,法拉盛
其他,法拉盛缅街
其他,法力像佛
其他,法仑功
其他,法伦
其他,法伦功
其他,法轮
其他,法论功
其他,法能功
其他,法维权
其他,法西藏主义
其他,法一轮
其他,法院给废
其他,法正乾
其他,珐(工力)学
其他,反测速雷
其他,反对共产党
其他,反对共产主义
其他,反腐总攻
其他,反攻大陆
其他,反共传单
其他,反共言论
其他,反雷达测
其他,反雷达测速
其他,反屏蔽
其他,反社会主义
其他,反中共黑色暴力
其他,范燕琼
其他,方迷香
其他,芳香型智悟气功
其他,防电子眼
其他,防身枪
其他,防身药水
其他,房贷给废
其他,仿真枪
其他,仿真手枪
其他,仿真证
其他,费私服
其他,封锁消
其他,佛怀煽仇录
其他,佛同修
其他,夫妻交换
其他,福尔马林
其他,福娃的預
其他,福娃頭上
其他,福香巴
其他,府包庇
其他,府集中领
其他,妇销魂
其他,附送枪
其他,复印件生
其他,复印件制
其他,赴港生子
其他,富民穷
其他,富婆给废
其他,改号软件
其他,干扰器
其他,感扑克
其他,冈本真
其他,肛交
其他,肛门是邻
其他,岡本真
其他,钢针狗
其他,钢珠枪
其他,港澳博球
其他,港馬會
其他,港鑫華
其他,高就在政
其他,"高考,答案"
其他,高考黑
其他,高莺莺
其他,搞媛交
其他,告长期
其他,告洋状
其他,格证考试
其他,蛤蟆转世
其他,个人圆满说
其他,个四小码
其他,个邪的党
其他,各类考试
其他,各类文凭
其他,根浴
其他,跟帖器
其他,跟踪器
其他,工程吞得
其他,工力人
其他,弓弩
其他,公安错打
其他,公开小姐
其他,攻官小姐
其他,供应发票
其他,共产主义黑皮书
其他,共狗
其他,共和国2049
其他,共青背景
其他,共青团派
其他,共王储
其他,共字玄机
其他,狗粮
其他,狗娘养的
其他,狗屁专家
其他,狗日的
其他,狗友
其他,古方迷香
其他,鼓动一些
其他,乖乖粉
其他,观音法门
其他,官匪一家
其他,官商勾
其他,官也不容
其他,官因发帖
其他,光学真题
其他,广安事件
其他,广场事件
其他,跪真相
其他,滚圆大乳
其他,国办发
其他,国际投注
其他,国家妓
其他,国家软弱
其他,国家吞得
其他,国库折
其他,国统纲领
其他,国统会
其他,国一九五七
其他,國內美
其他,哈狗帮
其他,哈药直销
其他,海访民
其他,海洛因
其他,豪圈钱
其他,号屏蔽器
其他,合彩
其他,和狗交
其他,和狗性
其他,和狗做
其他,黑火药的
其他,黑社会
其他,红病历
其他,红床
其他,红客联盟
其他,红色恐怖
其他,"红外,透视"
其他,红外透视
其他,洪志
其他,紅色恐
其他,胡的接班人
其他,胡江风云
其他,胡江关系
其他,胡江内斗
其他,胡江曾
其他,胡江争斗
其他,胡紧掏
其他,胡紧套
其他,"胡锦涛,腐败"
其他,胡錦濤
其他,胡进涛
其他,胡派军委
其他,胡派人马
其他,胡适眼
其他,胡下台
其他,胡耀邦
其他,湖淫娘
其他,虎头猎
其他,护卫团
其他,华藏功
其他,华国锋
其他,华门开
其他,华闻
其他,化学扫盲
其他,划老公
其他,话在肉身显现
其他,还会吹萧
其他,还看锦涛
其他,环球证件
其他,换妻
其他,皇冠投注
其他,皇家轮盘
其他,黄冰
其他,黄菊遗孀
其他,"黄色,电影"
其他,黄色电影
其他,黄色小电影
其他,回汉冲突
其他,回民暴动
其他,回民猪
其他,回忆六四
其他,昏药
其他,浑圆豪乳
其他,活不起
其他,活体取肾
其他,活摘器官
其他,火车也疯
其他,机定位器
其他,机号定
其他,机号卫
其他,机卡密
其他,机屏蔽器
其他,鸡巴
其他,积克馆
其他,基本靠吼
其他,基督灵恩布道团
其他,绩过后付
其他,激光气
其他,激光汽
其他,激流中国
其他,"激情,电影"
其他,"激情,图片"
其他,激情电
其他,激情电话
其他,激情电影
其他,激情短
其他,激情交友
其他,激情妹
其他,激情炮
其他,激情视频
其他,激情小电影
其他,级办理
其他,级答案
其他,急需嫖
其他,疾病业债说
其他,集体打砸
其他,集体腐
其他,集体抗议
其他,挤乳汁
其他,擠乳汁
其他,记号扑克
其他,纪念达赖喇嘛流亡49周年
其他,纪念文革
其他,妓女
其他,妓女的口号
其他,寂寞少妇
其他,加油机干扰器
其他,佳静安定
其他,佳静安定片
其他,家一样饱
其他,家属被打
其他,甲虫跳
其他,甲流了
其他,假币出售
其他,假发票
其他,假文凭
其他,假证件
其他,奸成瘾
其他,奸杀
其他,兼职上门
其他,监听器
其他,监听头
其他,监听王
其他,监狱管理局
其他,监狱里的斗争
其他,简易炸
其他,贱货
其他,贱人
其他,江z民
其他,疆獨
其他,疆独
其他,讲法传功
其他,蒋彦永
其他,叫鸡
其他,叫自慰
其他,揭贪难
其他,姐包夜
其他,姐服务
其他,姐兼职
其他,姐上门
其他,解码开锁
其他,解密软件
其他,解体的命运
其他,解体中共
其他,金扎金
其他,金钟气
其他,津大地震
其他,津地震
其他,津人治津
其他,进来的罪
其他,禁书
其他,禁网禁片
其他,京地震
其他,京夫子
其他,京要地震
其他,经典谎言
其他,精子射在
其他,警察被
其他,警察的幌
其他,警察殴打
其他,警察说保
其他,警车雷达
其他,警方包庇
其他,警匪一家
其他,警徽
其他,警民冲突
其他,警用品
其他,径步枪
其他,敬请忍
其他,靖国神社
其他,究生答案
其他,九龙论坛
其他,九评共
其他,九十三运动
其他,酒象喝汤
其他,酒像喝汤
其他,救度众生说
其他,就爱插
其他,就要色
其他,菊暴
其他,菊爆
其他,菊花洞
其他,举国体
其他,巨乳
其他,据说全民
其他,绝食声
其他,军长发威
其他,军刺
其他,军品特
其他,军用手
其他,军转
其他,卡辛纳大道和三福大道交界处
其他,开苞
其他,开邓选
其他,"开平,轮奸"
其他,"开平,受辱"
其他,开锁工具
其他,开天目
其他,開碼
其他,開票
其他,砍杀幼
其他,砍伤儿
其他,看JJ
其他,康没有不
其他,康生丹
其他,康跳楼
其他,抗议磁悬浮
其他,抗议中共当局
其他,磕彰
其他,克分析
其他,克千术
其他,克透视
其他,嗑药
其他,空和雅典
其他,空中民主墙
其他,孔摄像
其他,恐共
其他,控诉世博
其他,控制媒
其他,口交
其他,口手枪
其他,口淫
其他,骷髅死
其他,矿难不公
其他,昆仑女神功
其他,拉帮游说
其他,拉登说
其他,拉开水晶
其他,拉票贿选
其他,拉萨僧人接连抗议
其他,拉线飞机
其他,来福猎
其他,拦截器
其他,狼全部跪
其他,浪穴
其他,老虎机
其他,乐透码
其他,雷管
其他,雷人女官
其他,类准确答
其他,黎阳平
其他,李大轮子
其他,李红痔
其他,李洪X
其他,李洪志
其他,李鹏
其他,李伟信的笔供
其他,李晓英
其他,李咏曰
其他,理各种证
其他,理是影帝
其他,理证件
其他,理做帐报
其他,力骗中央
其他,力月西
其他,历史的伤口
其他,丽媛离
其他,利他林
其他,连发手
其他,联盟党
其他,聯繫電
其他,练功群众
其他,炼大法
其他,两岸才子
其他,两会代
其他,两会又三
其他,聊斋艳
其他,了件渔袍
其他,猎好帮手
其他,猎枪
其他,猎枪销
其他,临震预报
其他,领导忽悠百姓叫号召
其他,领土拿
其他,流亡藏人
其他,流血事件
其他,留四进三
其他,六HE彩
其他,六代接班人
其他,六合采
其他,六合彩
其他,六死
其他,六四内部日记
其他,六四事
其他,六四事件
其他,六四受难者家属证辞
其他,六四信息
其他,六四资料馆
其他,六月联盟
其他,龙虎斗
其他,龙湾事件
其他,隆手指
其他,漏题
其他,陆封锁
其他,陆同修
其他,旅游新报
其他,氯胺酮
其他,轮手枪
其他,轮子小报
其他,论文代
其他,罗干
其他,罗斯小姐
其他,落霞缀
其他,妈了个逼
其他,麻古
其他,麻果配
其他,麻醉乙醚
其他,蟆叫专家
其他,买春
其他,买断
其他,买官卖官
其他,买枪
其他,买肾
其他,买真枪
其他,卖QQ号码
其他,卖春
其他,卖地财政
其他,卖发票
其他,卖枪
其他,卖身
其他,卖肾
其他,卖血
其他,卖银行卡
其他,卖自考
其他,漫步丝
其他,忙爱国
其他,猫眼工具
其他,毛时代大饥荒揭秘
其他,毛一鲜
其他,毛泽东复活
其他,毛泽东侄子
其他,毛贼
其他,毛主席的嫡孙
其他,媒体封锁
其他,每周一死
其他,门按摩
其他,门保健
其他,门徒会
其他,門服務
其他,氓培训
其他,蒙古回归
其他,蒙汗药
其他,蒙汗药粉
其他,蜜穴
其他,免电灯
其他,免费电影
其他,灭共
其他,灭绝罪
其他,灭中共
其他,民储害
其他,民九亿商
其他,民抗议
其他,民殇
其他,民运
其他,民运分子
其他,民主不能等待
其他,民主还专政
其他,民主女神
其他,民族问题
其他,明hui
其他,明慧网
其他,明镜出版社
其他,铭记印尼
其他,摩小姐
其他,魔难论
其他,末世劫难
其他,末世论
其他,牟新生
其他,母乳家
其他,母子乱伦
其他,木齐针
其他,幕没有不
其他,幕前戲
其他,内射
其他,内争人权
其他,男妓
其他,男奴
其他,南充针
其他,嫩逼
其他,嫩穴
其他,嫩阴
其他,泥马之歌
其他,你的西域
其他,拟涛哥
其他,娘两腿之间
其他,鸟巢最少死
其他,妞上门
其他,纽扣摄像机
其他,浓精
其他,怒的志愿
其他,女被人家搞
其他,女激情
其他,女技师
其他,女奴
其他,女人费
其他,女人和狗
其他,女任职名
其他,女上门
其他,女神教
其他,女士服务
其他,女伟哥
其他,女優
其他,鸥之歌
其他,"拍肩,药"
其他,拍肩神
其他,拍肩神药
其他,拍肩型
其他,拍肩醉迷药
其他,牌技网
其他,派系斗争
其他,盘古乐队
其他,盘口
其他,炮的小蜜
其他,跑官要官
其他,泡友
其他,陪考枪
其他,陪聊
其他,赔率
其他,配有消
其他,喷尿
其他,嫖俄罗
其他,嫖鸡
其他,嫖妓
其他,平惨案
其他,平反六四
其他,平叫到床
其他,仆不怕饮
其他,普提功
其他,普通嘌
其他,期货配
其他,奇迹的黄
其他,奇淫散
其他,骑单车出
其他,气狗
其他,气枪
其他,汽车解码器
其他,汽车走表器
其他,汽狗
其他,汽枪
其他,氣槍
其他,器官贩卖
其他,千禧弘法
其他,铅弹
其他,钱三字经
其他,强权政府
其他,强效失忆药
其他,强硬发言
其他,抢其火炬
其他,切听器
其他,窃听
其他,窃听器
其他,亲共
其他,亲共分子
其他,亲共媒体
其他,侵犯国外专利
其他,钦点接班人
其他,禽流感了
其他,勤捞致
其他,沁园春血
其他,青海无上师
其他,氢弹手
其他,清场内幕
其他,清除负面
其他,清純壆
其他,清官团
其他,清海师父
其他,清海无上师
其他,清华帮
其他,情聊天室
其他,情妹妹
其他,"情色,论坛"
其他,情色论坛
其他,情杀
其他,情视频
其他,情自拍
其他,氰化钾
其他,氰化钠
其他,请集会
其他,请示威
其他,琼花问
其他,区的雷人
其他,娶韩国
其他,全范围教会
其他,全真证
其他,全自动开锁器
其他,犬交
其他,群发广告机
其他,群发软件
其他,群奸暴
其他,群交
其他,群起抗暴
其他,群体灭绝
其他,群体性事
其他,群众冲击
其他,绕过封锁
其他,惹的国
其他,人弹
其他,人祸
其他,人类灭亡时间表
其他,人类罪恶论
其他,人民币恶搞
其他,人权保护
其他,人宇特能功
其他,人在云上
其他,人真钱
其他,认牌绝
其他,任于斯国
其他,日你妈
其他,日月气功
其他,容弹量
其他,柔胸粉
其他,肉棒
其他,肉洞
其他,肉棍
其他,如厕死
其他,乳交
其他,软弱的国
其他,软弱外交
其他,瑞安事件
其他,萨斯病
其他,赛后骚
其他,赛克网
其他,三班仆人派
其他,三挫
其他,三股势力
其他,"三级,电影"
其他,"三级,影片"
其他,三级电影
其他,三级片
其他,三陪
其他,三三九乘元功
其他,三网友
其他,三唑
其他,三唑仑
其他,扫了爷爷
其他,杀害学生
其他,杀指南
其他,沙皇李长春
其他,傻逼
其他,山涉黑
其他,煽动不明
其他,煽动群众
其他,商务短信
其他,商务快车
其他,上海帮
其他,上海独立
其他,上门激
其他,上网文凭
其他,烧公安局
其他,烧瓶的
其他,韶关斗
其他,韶关玩
其他,韶关旭
其他,少妇自拍
其他,社会混
其他,社会主义灭亡
其他,射网枪
其他,涉台政局
其他,涉嫌抄袭
其他,身份证生成器
其他,深喉冰
其他,神的教会
其他,神七假
其他,神韵艺术
其他,神州忏悔录
其他,沈昌功
其他,沈昌人体科技
其他,肾源
其他,升达毕业证
其他,生被砍
其他,生踩踏
其他,生孩子没屁眼
其他,生命树的分叉
其他,生肖中特
其他,生意宝
其他,圣殿教
其他,圣火护卫
其他,圣灵重建教会
其他,圣战不息
其他,盛行在舞
其他,剩火
其他,尸博
其他,失身水
其他,失意药
其他,师涛
其他,狮子旗
其他,十八大接班人
其他,十八等
其他,十大独裁
其他,十大谎
其他,十大禁
其他,十个预言
其他,十类人不
其他,十七大幕
其他,十七大权力争霸战
其他,十七大人事安排
其他,十七位老部长
其他,实毕业证
其他,实际神
其他,实体娃
其他,实学历文
其他,士的年
其他,士的宁
其他,士康事件
其他,独裁者
其他,世界之门
其他,式粉推
其他,视解密
其他,手变牌
其他,手狗
其他,"手机,定位器"
其他,"手机,窃听"
其他,手机复制
其他,手机跟
其他,手机跟踪定位器
其他,手机监
其他,手机监听
其他,手机监听器
其他,手机卡复制器
其他,手机魔卡
其他,手机窃听器
其他,手机追
其他,手木仓
其他,手枪
其他,守所死法
其他,兽交
其他,书办理
其他,熟妇
其他,术牌具
其他,双管立
其他,双管平
其他,双筒
其他,谁是胡的接班人
其他,谁是新中国
其他,谁为腐败晚餐买单
其他,水阎王
其他,税务总局致歉
其他,丝护士
其他,丝情侣
其他,丝袜保
其他,丝袜恋
其他,丝袜美
其他,丝袜妹
其他,丝袜网
其他,丝足按
其他,司长期有
其他,司法黑
其他,司考答案
其他,司马璐回忆录
其他,私房写真
其他,私服
其他,私家侦探服务
其他,死法分布
其他,死刑现场
其他,死要见毛
其他,四博会
其他,四川大地震异象揭密
其他,四川朱昱
其他,四大扯
其他,四二六社论
其他,"四六级,答案"
其他,饲养基地
其他,苏家屯
其他,苏家屯集
其他,诉讼集团
其他,"素女,自拍"
其他,素女心
其他,速代办
其他,速取证
其他,酸羟亚胺
其他,缩阴
其他,蹋纳税
其他,太王四神
其他,太王四神记
其他,泰兴幼
其他,泰兴镇中
其他,泰州幼
其他,贪官也辛
其他,探测狗
其他,涛共产
其他,涛一样胡
其他,讨厌中国
其他,套牌车
其他,特别党费
其他,特工资
其他,特码
其他,特上门
其他,特务机构
其他,体透视镜
其他,替考
其他,替人体
其他,天安门事件
其他,天朝特
其他,天鹅之旅
其他,天推广歌
其他,天要灭
其他,天音功
其他,田罢工
其他,田田桑
其他,田停工
其他,铁血师
其他,庭审直播
其他,通钢总经
其他,同盟党
其他,统一教
其他,统治术
其他,偷電器
其他,"偷啪,dv"
其他,偷肃贪
其他,偷听器
其他,偷偷贪
其他,头双管
其他,投毒杀人
其他,投注站
其他,骰子
其他,秃鹰汽
其他,突破封锁
其他,突破网路
其他,屠杀学生
其他,土炮
其他,土枪
其他,推翻独裁
其他,推油按
其他,脱衣舞
其他,脱衣艳
其他,瓦斯手
其他,袜按摩
其他,外蒙回归
其他,外透视镜
其他,外围赌球
其他,万法归一功
其他,万能钥匙
其他,万人骚动
其他,王立军
其他,王益案
其他,网络封锁
其他,网络警察
其他,网民案
其他,网民获刑
其他,网民诬
其他,网站推广软件
其他,"微型,监控"
其他,微型摄像
其他,为党不为国
其他,围攻上海
其他,维汉员
其他,维权基
其他,维权人
其他,维权谈
其他,伪基百科
其他,伪政府
其他,委坐船
其他,卫星高频头
其他,卫星广播器材
其他,谓的和谐
其他,魏京生
其他,温加饱
其他,"温家宝,腐败"
其他,温家堡
其他,温切斯特
其他,温休曾退
其他,温影帝
其他,溫家寶
其他,瘟加饱
其他,瘟家宝
其他,瘟假饱
其他,文凭证
其他,纹了毛
其他,闻被控制
其他,闻封锁
其他,瓮安
其他,我的西域
其他,我搞台独
其他,我们自杀吧
其他,我虽死去
其他,乌蝇水
其他,乌云其木格
其他,无帮国
其他,无耻语录
其他,无官正
其他,无界浏览器
其他,无码
其他,无人性的政权
其他,无网界
其他,"无线,监听"
其他,吾爾開希
其他,五套功
其他,五月天
其他,午夜电
其他,午夜极
其他,武警暴
其他,武警殴
其他,武警已增
其他,武力镇压
其他,武装镇压
其他,务员答案
其他,务员考试
其他,雾型迷
其他,"西藏,独立"
其他,西藏独立
其他,西藏国家民主党
其他,西藏人民大起义
其他,西藏限
其他,西藏作家组织
其他,西服进去
其他,希脏
其他,习进平
其他,习晋平
其他,席复活
其他,席临终前
其他,席指着护
其他,洗澡死
其他,喜贪赃
其他,先烈纷纷
其他,现大地震
其他,现金投注
其他,现在的党
其他,现在的公安
其他,现在的共产党
其他,现在的警察
其他,现在的社会
其他,现在的政府
其他,线透视镜
其他,限制言
其他,陷害案
其他,陷害罪
其他,霰弹
其他,香港彩
其他,香港独立
其他,香港马会
其他,香港一类
其他,香港总彩
其他,向巴平措
其他,消防灭火枪
其他,消防枪
其他,消业之说
其他,硝化甘
其他,小电影
其他,小活佛
其他,小姐按摩
其他,小姐上门
其他,小穴
其他,肖中特
其他,校骚乱
其他,写两会
其他,泄漏的内
其他,新疆暴乱
其他,新疆独立
其他,新疆叛
其他,新疆限
其他,新金瓶
其他,新生网
其他,新唐人
其他,新搪人
其他,态度蛮横
其他,新中华战记
其他,信访专班
其他,信用卡套现
其他,兴华论谈
其他,兴中心幼
其他,行长王益
其他,形透视镜
其他,性推广歌
其他,性息
其他,胸主席
其他,修炼大法
其他,徐玉元
其他,学骚乱
其他,学生领袖
其他,学位證
其他,血溅人民天堂
其他,血染的风采
其他,血色京机
其他,血色京畿
其他,血腥清场
其他,循环轮回论
其他,丫与王益
其他,严晓玲
其他,言被劳教
其他,言论罪
其他,盐酸曲
其他,颜射
其他,"眼镜,透视"
其他,燕玲论坛
其他,恙虫病
其他,摇头丸
其他,遥控信号拦截器
其他,要射精了
其他,要射了
其他,要泄了
其他,业力回报
其他,业力轮
其他,夜半加税
其他,夜激情
其他,液体炸
其他,一党独裁
其他,一党私利
其他,一党执政
其他,一党专政
其他,一卡多号
其他,一氯丙酮
其他,一氯乙醛
其他,一码中特
其他,一通功
其他,一通健康法
其他,一小撮别
其他,一肖
其他,一氧化二氟
其他,一氧化汞
其他,一夜激情
其他,伊皮恩
其他,遗情书
其他,乙酰替硫脲
其他,乙酰亚砷酸铜
其他,异硫氰酸烯丙酯
其他,异氰酸苯酯
其他,异氰酸甲酯
其他,因毒磷
其他,因毒硫磷
其他,银氰化钾
其他,银行卡复制设备
其他,隐蔽式摄像机
其他,"隐形,耳机"
其他,"隐形,摄像机"
其他,隐形耳
其他,隐形耳机
其他,隐形喷剂
其他,隐形摄像机
其他,应子弹
其他,婴儿命
其他,婴儿汤
其他,罂粟壳
其他,罂粟籽
其他,蝇毒
其他,影子政府
其他,雍战胜
其他,永伏虫
其他,咏妓
其他,用手枪
其他,优化官员
其他,幽谷三
其他,游精佑
其他,游戏机破解
其他,有偿服务
其他,有偿捐献
其他,有偿肾
其他,有码
其他,有奶不一
其他,右转是政
其他,幼齿类
其他,幼交
其他,娱乐透视
其他,愚民同
其他,愚民政
其他,与狗性
其他,宇宙大法
其他,宇宙毁灭
其他,宇宙主佛
其他,玉蒲团
其他,育部女官
其他,预测答案
其他,冤民大
其他,鸳鸯洗
其他,渊盖苏文
其他,元极功
其他,原砷酸
其他,原一九五七
其他,袁伟民
其他,援藏网
其他,援交
其他,晕倒型
其他,韵徐娘
其他,"赞成,西藏,独立"
其他,脏毒
其他,脏独
其他,遭便衣
其他,遭到警
其他,遭警察
其他,遭武警
其他,择油录
其他,曾道人
其他,炸弹教
其他,炸弹遥控
其他,炸广州
其他,炸立交
其他,炸药的制
其他,炸药配
其他,炸药制
其他,粘氯酸
其他,张春桥
其他,张宏宝
其他,张宏堡
其他,张文中
其他,张志新
其他,找枪手
其他,找援交
其他,找政法委副
其他,赵紫阳
其他,针刺案
其他,针刺伤
其他,针刺事
其他,针刺死
其他,针孔摄象机
其他,针孔摄像机
其他,侦探设备
其他,"真钱,百家乐"
其他,真钱斗地
其他,真钱投注
其他,真善忍
其他,真实文凭
其他,震惊一个民
其他,震其国土
其他,证到付款
其他,证件公司
其他,证件集团
其他,证生成器
其他,证书办
其他,政府无能
其他,政论区
其他,政治风波
其他,政治局十七
其他,政治人祸的源头
其他,支那
其他,支那猪
其他,植物冰
其他,指纹考勤
其他,指纹膜
其他,指纹套
其他,制服诱
其他,制手枪
其他,制证定金
其他,制作证件
其他,治疗红斑狼疮
其他,治疗性病
其他,治疗乙肝
其他,治疗肿瘤
其他,中办发
其他,中的班禅
其他,中国不强
其他,中国复兴党
其他,中国高层权力斗争
其他,中国共和党
其他,中国官场情杀案
其他,中国过渡政府
其他,中国海外腐败兵团
其他,中国没有自由
其他,中国人民党
其他,中国实行血腥教育
其他,中国贪官在海外
其他,中国网络审查
其他,中国舆论监督网周洪
其他,中国正义党
其他,中国政府封锁消息
其他,中国支配下的朝鲜经济
其他,中国猪
其他,中华昆仑女神功
其他,中华养生益智功
其他,中华养生益智气
其他,中南海的权力游戏
其他,中南海斗争
其他,中南海恩仇录
其他,中南海黑幕
其他,中南海权力斗争
其他,中石油国家电网倒数
其他,中特
其他,中央黑幕
其他,中正纪念歌
其他,中组部前部长直言
其他,种公务员
其他,种学历证
其他,众像羔
其他,重亚硒酸钠
其他,重阳兵变
其他,州惨案
其他,州大批贪
其他,州三箭
其他,宙最高法
其他,昼将近
其他,"朱镕基,腐败"
其他,主神教
其他,主席忏
其他,属灵教
其他,住英国房
其他,助考
其他,助考网
其他,转法轮
其他,转法论
其他,转是政府
其他,赚钱资料
其他,庄家
其他,装弹甲
其他,装枪套
其他,装消音
其他,追债公司
其他,"追踪,定位"
其他,梓健特药
其他,自动群发
其他,自己找枪
其他,自杀手册
其他,自杀指南
其他,自慰用
其他,自由门
其他,自由圣
其他,自由西藏
其他,自由西藏学生运动
其他,总会美女
其他,走私车
其他,足交
其他,"足球,博彩"
其他,足球玩法
其他,最后圆满
其他,醉钢枪
其他,醉迷药
其他,醉乙醚
其他,尊爵粉
其他,左棍
其他,左转是政
其他,作弊器
其他,作各种证
其他,作硝化甘
其他,唑仑
