<?xml version="1.0" encoding="UTF-8"?>

<beans

        xmlns="http://www.springframework.org/schema/beans"

        xmlns:xsi="http://www.w3.org/2001/XMLSchema-instance"

        xmlns:p="http://www.springframework.org/schema/p"

        xsi:schemaLocation="http://www.springframework.org/schema/beans

http://www.springframework.org/schema/beans/spring-beans-4.1.xsd">



    <!-- datasource -->

    <bean id="dataSource" class="org.springframework.jdbc.datasource.DriverManagerDataSource">

        <property name="driverClassName" value="com.mysql.cj.jdbc.Driver"/>
        <property name="url" value="jdbc:mysql://127.0.0.1:3306/Course_Manage?useUnicode=true&amp;characterEncoding=utf-8&amp;allowMultiQueries=true"/>
        <property name="username" value="root"/>
        <property name="password" value="123456"/>

    </bean>

    <!-- sqlsessionFactory -->
    <bean id="sqlSessionFactory" class="org.mybatis.spring.SqlSessionFactoryBean">
        <property name="dataSource" ref="dataSource" />
        <property name="mapperLocations" value="classpath:mappers/*.xml"/>

    </bean>

    <!-- 利用代理生成mapper对象 -->

    <bean class="org.mybatis.spring.mapper.MapperScannerConfigurer">

        <property name="sqlSessionFactoryBeanName" value="sqlSessionFactory"/>

        <property name="basePackage" value="com.course_manage.Mappers"/>

    </bean>

</beans>