<?xml version="1.0" encoding="UTF-8"?>
<beans xmlns="http://www.springframework.org/schema/beans"
       xmlns:xsi="http://www.w3.org/2001/XMLSchema-instance"
       xmlns:context="http://www.springframework.org/schema/context" xmlns:mvc="http://www.springframework.org/schema/mvc"
       xsi:schemaLocation="http://www.springframework.org/schema/beans http://www.springframework.org/schema/beans/spring-beans.xsd http://www.springframework.org/schema/context http://www.springframework.org/schema/context/spring-context.xsd http://www.springframework.org/schema/mvc http://www.springframework.org/schema/mvc/spring-mvc-4.1.xsd">


<!-- 配置扫描的包 -->
    <context:component-scan base-package="com.course_manage.*"></context:component-scan>

<!-- 注册HandlerMapper、HandlerAdapter两个映射类 -->
   <mvc:annotation-driven/>

<!-- 访问静态资源 -->
    <mvc:default-servlet-handler/>

<!-- 视图解析器 -->
<bean
        class="org.springframework.web.servlet.view.InternalResourceViewResolver">
    <property name="prefix" value="/"></property>
    <property name="suffix" value=".jsp"></property>
</bean>
</beans>
